stas,TF,Predicted,logTF,var
7.3,0.077808219,0.040968658,-1.108974525,BR29
7.6,0.034342105,0.039938247,-1.464173088,BR29
8.5,0.052823529,0.037186844,-1.277172588,BR29
9.7,0.043608247,0.034161047,-1.360431371,BR29
10.6,0.029528302,0.032266183,-1.529761526,BR29
27.1,0.019815498,0.018587976,-1.702995009,BR29
34.5,0.01915942,0.01659206,-1.717617642,BR29
